timeStamp,elapsed,label,responseCode,responseMessage,threadName,dataType,success,failureMessage,bytes,sentBytes,grpThreads,allThreads,URL,Latency,IdleTime,Connect
1588453247058,4,HTTP Request,200,,Thread Group 1-1,text,true,,611,279,1,1,http://localhost:8080/pets-cached,4,0,0
1588453248059,1,HTTP Request,200,,Thread Group 1-2,text,true,,611,279,2,2,http://localhost:8080/pets-cached,1,0,0
1588453249059,4,HTTP Request,200,,Thread Group 1-3,text,true,,611,279,3,3,http://localhost:8080/pets-cached,4,0,0
1588453250058,4,HTTP Request,200,,Thread Group 1-4,text,true,,611,279,4,4,http://localhost:8080/pets-cached,4,0,1
1588453249063,1003,HTTP Request,200,,Thread Group 1-3,text,true,,231,279,4,4,http://localhost:8080/pet-delayed,1002,0,0
1588453250066,5,HTTP Request,200,,Thread Group 1-3,text,true,,611,272,4,4,http://localhost:8080/pets,4,0,0
1588453250071,3,HTTP Request,200,,Thread Group 1-3,text,true,,611,279,4,4,http://localhost:8080/pets-cached,3,0,0
1588453251060,4,HTTP Request,200,,Thread Group 1-5,text,true,,611,279,5,5,http://localhost:8080/pets-cached,4,0,1
1588453248061,4001,HTTP Request,200,,Thread Group 1-2,text,true,,231,279,6,6,http://localhost:8080/pet-delayed,4001,0,0
1588453252059,3,HTTP Request,200,,Thread Group 1-6,text,true,,611,279,6,6,http://localhost:8080/pets-cached,3,0,0
1588453252063,5,HTTP Request,200,,Thread Group 1-2,text,true,,611,272,6,6,http://localhost:8080/pets,5,0,0
1588453252068,3,HTTP Request,200,,Thread Group 1-2,text,true,,611,279,6,6,http://localhost:8080/pets-cached,3,0,0
1588453253060,4,HTTP Request,200,,Thread Group 1-7,text,true,,611,279,7,7,http://localhost:8080/pets-cached,4,0,0
1588453250062,3002,HTTP Request,200,,Thread Group 1-4,text,true,,231,279,7,7,http://localhost:8080/pet-delayed,3002,0,0
1588453253065,5,HTTP Request,200,,Thread Group 1-4,text,true,,611,272,7,7,http://localhost:8080/pets,4,0,0
1588453253070,3,HTTP Request,200,,Thread Group 1-4,text,true,,611,279,7,7,http://localhost:8080/pets-cached,3,0,0
1588453252072,1002,HTTP Request,200,,Thread Group 1-2,text,true,,231,279,7,7,http://localhost:8080/pet-delayed,1001,0,0
1588453253074,5,HTTP Request,200,,Thread Group 1-2,text,true,,611,272,7,7,http://localhost:8080/pets,4,0,0
1588453253079,3,HTTP Request,200,,Thread Group 1-2,text,true,,611,279,7,7,http://localhost:8080/pets-cached,3,0,0
1588453247062,7002,HTTP Request,200,,Thread Group 1-1,text,true,,231,279,8,8,http://localhost:8080/pet-delayed,7002,0,0
1588453254060,4,HTTP Request,200,,Thread Group 1-8,text,true,,611,279,8,8,http://localhost:8080/pets-cached,4,0,0
1588453254064,5,HTTP Request,200,,Thread Group 1-1,text,true,,611,272,8,8,http://localhost:8080/pets,5,0,1
1588453254070,3,HTTP Request,200,,Thread Group 1-1,text,true,,611,279,8,8,http://localhost:8080/pets-cached,3,0,0
1588453255058,3,HTTP Request,200,,Thread Group 1-9,text,true,,611,279,9,9,http://localhost:8080/pets-cached,3,0,1
1588453256059,4,HTTP Request,200,,Thread Group 1-10,text,true,,611,279,10,10,http://localhost:8080/pets-cached,4,0,1
1588453253074,3002,HTTP Request,200,,Thread Group 1-4,text,true,,231,279,10,10,http://localhost:8080/pet-delayed,3001,0,0
1588453256076,5,HTTP Request,200,,Thread Group 1-4,text,true,,611,272,10,10,http://localhost:8080/pets,5,0,1
1588453256081,4,HTTP Request,200,,Thread Group 1-4,text,true,,611,279,10,10,http://localhost:8080/pets-cached,3,0,0
1588453252063,5002,HTTP Request,200,,Thread Group 1-6,text,true,,231,279,10,10,http://localhost:8080/pet-delayed,5002,0,0
1588453257065,6,HTTP Request,200,,Thread Group 1-6,text,true,,611,272,10,10,http://localhost:8080/pets,5,0,1
1588453257071,3,HTTP Request,200,,Thread Group 1-6,text,true,,611,279,10,10,http://localhost:8080/pets-cached,3,0,0
1588453255061,3001,HTTP Request,200,,Thread Group 1-9,text,true,,231,279,10,10,http://localhost:8080/pet-delayed,3001,0,0
1588453258062,4,HTTP Request,200,,Thread Group 1-9,text,true,,611,272,10,10,http://localhost:8080/pets,3,0,1
1588453258066,1,HTTP Request,200,,Thread Group 1-9,text,true,,611,279,10,10,http://localhost:8080/pets-cached,1,0,0
1588453258067,1001,HTTP Request,200,,Thread Group 1-9,text,true,,231,279,10,10,http://localhost:8080/pet-delayed,1001,0,0
1588453259068,3,HTTP Request,200,,Thread Group 1-9,text,true,,611,272,10,10,http://localhost:8080/pets,3,0,0
1588453259071,1,HTTP Request,200,,Thread Group 1-9,text,true,,611,279,10,10,http://localhost:8080/pets-cached,1,0,0
1588453251065,8009,HTTP Request,200,,Thread Group 1-5,text,true,,231,279,10,10,http://localhost:8080/pet-delayed,8009,0,0
1588453254073,5002,HTTP Request,200,,Thread Group 1-1,text,true,,231,279,10,10,http://localhost:8080/pet-delayed,5001,0,0
1588453250074,9002,HTTP Request,200,,Thread Group 1-3,text,true,,231,279,10,10,http://localhost:8080/pet-delayed,9002,0,0
1588453259074,3,HTTP Request,200,,Thread Group 1-5,text,true,,611,272,10,10,http://localhost:8080/pets,3,0,0
1588453259075,2,HTTP Request,200,,Thread Group 1-1,text,true,,611,272,10,10,http://localhost:8080/pets,2,0,0
1588453259076,2,HTTP Request,200,,Thread Group 1-3,text,true,,611,272,10,10,http://localhost:8080/pets,2,0,0
1588453259077,1,HTTP Request,200,,Thread Group 1-5,text,true,,611,279,10,10,http://localhost:8080/pets-cached,1,0,0
1588453259077,1,HTTP Request,200,,Thread Group 1-1,text,true,,611,279,10,10,http://localhost:8080/pets-cached,1,0,0
1588453259078,1,HTTP Request,200,,Thread Group 1-3,text,true,,611,279,10,10,http://localhost:8080/pets-cached,1,0,0
1588453254064,6002,HTTP Request,200,,Thread Group 1-8,text,true,,231,279,10,10,http://localhost:8080/pet-delayed,6002,0,0
1588453260067,5,HTTP Request,200,,Thread Group 1-8,text,true,,611,272,10,10,http://localhost:8080/pets,4,0,0
1588453260072,3,HTTP Request,200,,Thread Group 1-8,text,true,,611,279,10,10,http://localhost:8080/pets-cached,3,0,0
1588453259078,2002,HTTP Request,200,,Thread Group 1-1,text,true,,231,279,10,10,http://localhost:8080/pet-delayed,2001,0,0
1588453261080,6,HTTP Request,200,,Thread Group 1-1,text,true,,611,272,10,10,http://localhost:8080/pets,6,0,0
1588453261086,4,HTTP Request,200,,Thread Group 1-1,text,true,,611,279,10,10,http://localhost:8080/pets-cached,3,0,0
1588453253065,9002,HTTP Request,200,,Thread Group 1-7,text,true,,231,279,10,10,http://localhost:8080/pet-delayed,9001,0,0
1588453262067,5,HTTP Request,200,,Thread Group 1-7,text,true,,611,272,10,10,http://localhost:8080/pets,5,0,0
1588453262073,3,HTTP Request,200,,Thread Group 1-7,text,true,,611,279,10,10,http://localhost:8080/pets-cached,3,0,0
1588453253082,10003,HTTP Request,200,,Thread Group 1-2,text,true,,231,279,10,10,http://localhost:8080/pet-delayed,10003,0,0
1588453263085,6,HTTP Request,200,,Thread Group 1-2,text,true,,611,272,10,10,http://localhost:8080/pets,6,0,1
1588453261090,2002,HTTP Request,200,,Thread Group 1-1,text,true,,231,279,10,10,http://localhost:8080/pet-delayed,2002,0,0
1588453263091,4,HTTP Request,200,,Thread Group 1-2,text,true,,611,279,10,10,http://localhost:8080/pets-cached,3,0,0
1588453263092,5,HTTP Request,200,,Thread Group 1-1,text,true,,611,272,10,10,http://localhost:8080/pets,5,0,1
1588453263097,3,HTTP Request,200,,Thread Group 1-1,text,true,,611,279,10,10,http://localhost:8080/pets-cached,3,0,0
1588453256064,8002,HTTP Request,200,,Thread Group 1-10,text,true,,231,279,10,10,http://localhost:8080/pet-delayed,8002,0,0
1588453264066,6,HTTP Request,200,,Thread Group 1-10,text,true,,611,272,10,10,http://localhost:8080/pets,5,0,1
1588453264072,3,HTTP Request,200,,Thread Group 1-10,text,true,,611,279,10,10,http://localhost:8080/pets-cached,3,0,0
1588453262076,2002,HTTP Request,200,,Thread Group 1-7,text,true,,231,279,10,10,http://localhost:8080/pet-delayed,2002,0,0
1588453259078,5001,HTTP Request,200,,Thread Group 1-5,text,true,,231,279,10,10,http://localhost:8080/pet-delayed,5001,0,0
1588453264078,5,HTTP Request,200,,Thread Group 1-7,text,true,,611,272,10,10,http://localhost:8080/pets,4,0,1
1588453264079,6,HTTP Request,200,,Thread Group 1-5,text,true,,611,272,10,10,http://localhost:8080/pets,5,0,1
1588453256085,8002,HTTP Request,200,,Thread Group 1-4,text,true,,231,279,10,10,http://localhost:8080/pet-delayed,8002,0,0
1588453264083,4,HTTP Request,200,,Thread Group 1-7,text,true,,611,279,10,10,http://localhost:8080/pets-cached,4,0,0
1588453264085,4,HTTP Request,200,,Thread Group 1-5,text,true,,611,279,10,10,http://localhost:8080/pets-cached,3,0,0
1588453264088,4,HTTP Request,200,,Thread Group 1-4,text,true,,611,272,10,10,http://localhost:8080/pets,4,0,0
1588453264092,4,HTTP Request,200,,Thread Group 1-4,text,true,,611,279,10,10,http://localhost:8080/pets-cached,3,0,0
1588453263101,1002,HTTP Request,200,,Thread Group 1-1,text,true,,231,279,10,10,http://localhost:8080/pet-delayed,1001,0,0
1588453264103,4,HTTP Request,200,,Thread Group 1-1,text,true,,611,272,10,10,http://localhost:8080/pets,3,0,0
1588453264107,3,HTTP Request,200,,Thread Group 1-1,text,true,,611,279,10,10,http://localhost:8080/pets-cached,3,0,0
1588453259072,6002,HTTP Request,200,,Thread Group 1-9,text,true,,231,279,10,10,http://localhost:8080/pet-delayed,6002,0,0
1588453257075,8002,HTTP Request,200,,Thread Group 1-6,text,true,,231,279,10,10,http://localhost:8080/pet-delayed,8001,0,0
1588453265074,6,HTTP Request,200,,Thread Group 1-9,text,true,,611,272,10,10,http://localhost:8080/pets,5,0,1
1588453265077,5,HTTP Request,200,,Thread Group 1-6,text,true,,611,272,10,10,http://localhost:8080/pets,5,0,0
1588453265080,3,HTTP Request,200,,Thread Group 1-9,text,true,,611,279,10,10,http://localhost:8080/pets-cached,3,0,0
1588453265082,4,HTTP Request,200,,Thread Group 1-6,text,true,,611,279,10,10,http://localhost:8080/pets-cached,4,0,0
1588453264096,1002,HTTP Request,200,,Thread Group 1-4,text,true,,231,279,10,10,http://localhost:8080/pet-delayed,1002,0,0
1588453265098,5,HTTP Request,200,,Thread Group 1-4,text,true,,611,272,10,10,http://localhost:8080/pets,4,0,0
1588453265103,3,HTTP Request,200,,Thread Group 1-4,text,true,,611,279,10,10,http://localhost:8080/pets-cached,3,0,0
1588453259079,7002,HTTP Request,200,,Thread Group 1-3,text,true,,231,279,10,10,http://localhost:8080/pet-delayed,7001,0,0
1588453266081,6,HTTP Request,200,,Thread Group 1-3,text,true,,611,272,10,10,http://localhost:8080/pets,6,0,0
1588453266087,3,HTTP Request,200,,Thread Group 1-3,text,true,,611,279,10,10,http://localhost:8080/pets-cached,3,0,0
1588453264075,3003,HTTP Request,200,,Thread Group 1-10,text,true,,231,279,10,10,http://localhost:8080/pet-delayed,3002,0,0
1588453267078,5,HTTP Request,200,,Thread Group 1-10,text,true,,611,272,10,10,http://localhost:8080/pets,5,0,0
1588453267083,4,HTTP Request,200,,Thread Group 1-10,text,true,,611,279,10,10,http://localhost:8080/pets-cached,4,0,0
1588453263095,4002,HTTP Request,200,,Thread Group 1-2,text,true,,231,279,10,10,http://localhost:8080/pet-delayed,4002,0,0
1588453267098,5,HTTP Request,200,,Thread Group 1-2,text,true,,611,272,10,10,http://localhost:8080/pets,4,0,0
1588453267103,4,HTTP Request,200,,Thread Group 1-2,text,true,,611,279,10,10,http://localhost:8080/pets-cached,3,0,0
1588453265086,4003,HTTP Request,200,,Thread Group 1-6,text,true,,231,279,10,10,http://localhost:8080/pet-delayed,4003,0,0
1588453269090,5,HTTP Request,200,,Thread Group 1-6,text,true,,611,272,10,10,http://localhost:8080/pets,5,0,1
1588453269095,3,HTTP Request,200,,Thread Group 1-6,text,true,,611,279,10,10,http://localhost:8080/pets-cached,2,0,0
1588453260075,10002,HTTP Request,200,,Thread Group 1-8,text,true,,231,279,10,10,http://localhost:8080/pet-delayed,10002,0,0
1588453270079,5,HTTP Request,200,,Thread Group 1-8,text,true,,611,272,10,10,http://localhost:8080/pets,4,0,0
1588453265083,5003,HTTP Request,200,,Thread Group 1-9,text,true,,231,279,10,10,http://localhost:8080/pet-delayed,5003,0,0
1588453270084,4,HTTP Request,200,,Thread Group 1-8,text,true,,611,279,10,10,http://localhost:8080/pets-cached,4,0,0
1588453270087,6,HTTP Request,200,,Thread Group 1-9,text,true,,611,272,10,10,http://localhost:8080/pets,6,0,1
1588453270094,3,HTTP Request,200,,Thread Group 1-9,text,true,,611,279,10,10,http://localhost:8080/pets-cached,2,0,0
1588453264088,7002,HTTP Request,200,,Thread Group 1-7,text,true,,231,279,10,10,http://localhost:8080/pet-delayed,7002,0,0
1588453271092,5,HTTP Request,200,,Thread Group 1-7,text,true,,611,272,10,10,http://localhost:8080/pets,4,0,0
1588453271097,3,HTTP Request,200,,Thread Group 1-7,text,true,,611,279,10,10,http://localhost:8080/pets-cached,3,0,0
1588453264110,7002,HTTP Request,200,,Thread Group 1-1,text,true,,231,279,10,10,http://localhost:8080/pet-delayed,7002,0,0
1588453271114,5,HTTP Request,200,,Thread Group 1-1,text,true,,611,272,10,10,http://localhost:8080/pets,4,0,0
1588453271119,3,HTTP Request,200,,Thread Group 1-1,text,true,,611,279,10,10,http://localhost:8080/pets-cached,3,0,0
1588453264089,9001,HTTP Request,200,,Thread Group 1-5,text,true,,231,279,10,10,http://localhost:8080/pet-delayed,9001,0,0
1588453273091,3,HTTP Request,200,,Thread Group 1-5,text,true,,611,272,10,10,http://localhost:8080/pets,3,0,1
1588453273094,1,HTTP Request,200,,Thread Group 1-5,text,true,,611,279,10,10,http://localhost:8080/pets-cached,1,0,0
1588453270097,3002,HTTP Request,200,,Thread Group 1-9,text,true,,231,279,10,10,http://localhost:8080/pet-delayed,3002,0,0
1588453273099,2,HTTP Request,200,,Thread Group 1-9,text,true,,611,272,10,10,http://localhost:8080/pets,2,0,0
1588453273101,1,HTTP Request,200,,Thread Group 1-9,text,true,,611,279,10,10,http://localhost:8080/pets-cached,1,0,0
1588453271122,2002,HTTP Request,200,,Thread Group 1-1,text,true,,231,279,10,10,http://localhost:8080/pet-delayed,2002,0,0
1588453273124,2,HTTP Request,200,,Thread Group 1-1,text,true,,611,272,10,10,http://localhost:8080/pets,2,0,0
1588453273127,5,HTTP Request,200,,Thread Group 1-1,text,true,,611,279,10,10,http://localhost:8080/pets-cached,4,0,0
1588453267087,7002,HTTP Request,200,,Thread Group 1-10,text,true,,231,279,10,10,http://localhost:8080/pet-delayed,7002,0,0
1588453274090,2,HTTP Request,200,,Thread Group 1-10,text,true,,611,272,10,10,http://localhost:8080/pets,2,0,0
1588453274092,1,HTTP Request,200,,Thread Group 1-10,text,true,,611,279,10,10,http://localhost:8080/pets-cached,1,0,0
1588453267107,7001,HTTP Request,200,,Thread Group 1-2,text,true,,231,279,10,10,http://localhost:8080/pet-delayed,7001,0,0
1588453274109,2,HTTP Request,200,,Thread Group 1-2,text,true,,611,272,10,10,http://localhost:8080/pets,2,0,1
1588453274111,1,HTTP Request,200,,Thread Group 1-2,text,true,,611,279,10,10,http://localhost:8080/pets-cached,1,0,0
1588453266091,9002,HTTP Request,200,,Thread Group 1-3,text,true,,231,279,10,10,http://localhost:8080/pet-delayed,9001,0,0
1588453275094,5,HTTP Request,200,,Thread Group 1-3,text,true,,611,272,10,10,http://localhost:8080/pets,5,0,0
1588453275100,3,HTTP Request,200,,Thread Group 1-3,text,true,,611,279,10,10,http://localhost:8080/pets-cached,3,0,0
1588453265107,10002,HTTP Request,200,,Thread Group 1-4,text,true,,231,279,10,10,http://localhost:8080/pet-delayed,10001,0,0
1588453275110,4,HTTP Request,200,,Thread Group 1-4,text,true,,611,272,10,10,http://localhost:8080/pets,4,0,0
1588453275115,3,HTTP Request,200,,Thread Group 1-4,text,true,,611,279,10,10,http://localhost:8080/pets-cached,2,0,0
1588453274093,3002,HTTP Request,200,,Thread Group 1-10,text,true,,231,279,10,10,http://localhost:8080/pet-delayed,3001,0,0
1588453269098,8002,HTTP Request,200,,Thread Group 1-6,text,true,,231,279,10,10,http://localhost:8080/pet-delayed,8001,0,0
1588453277095,5,HTTP Request,200,,Thread Group 1-10,text,true,,611,272,10,10,http://localhost:8080/pets,5,0,0
1588453277100,4,HTTP Request,200,,Thread Group 1-10,text,true,,611,279,10,10,http://localhost:8080/pets-cached,3,0,0
1588453277100,4,HTTP Request,200,,Thread Group 1-6,text,true,,611,272,10,10,http://localhost:8080/pets,4,0,0
1588453277105,3,HTTP Request,200,,Thread Group 1-6,text,true,,611,279,10,10,http://localhost:8080/pets-cached,2,0,0
1588453270089,8002,HTTP Request,200,,Thread Group 1-8,text,true,,231,279,10,10,http://localhost:8080/pet-delayed,8001,0,0
1588453278090,5,HTTP Request,200,,Thread Group 1-8,text,true,,611,272,10,10,http://localhost:8080/pets,5,0,0
1588453273095,5002,HTTP Request,200,,Thread Group 1-5,text,true,,231,279,10,10,http://localhost:8080/pet-delayed,5001,0,0
1588453278095,4,HTTP Request,200,,Thread Group 1-8,text,true,,611,279,10,10,http://localhost:8080/pets-cached,4,0,0
1588453278096,5,HTTP Request,200,,Thread Group 1-5,text,true,,611,272,10,10,http://localhost:8080/pets,5,0,0
1588453277104,1002,HTTP Request,200,,Thread Group 1-10,text,true,,231,279,10,10,http://localhost:8080/pet-delayed,1002,0,0
1588453278102,3,HTTP Request,200,,Thread Group 1-5,text,true,,611,279,10,10,http://localhost:8080/pets-cached,3,0,0
1588453278105,4,HTTP Request,200,,Thread Group 1-10,text,true,,611,272,10,10,http://localhost:8080/pets,4,0,0
1588453274112,4002,HTTP Request,200,,Thread Group 1-2,text,true,,231,279,10,10,http://localhost:8080/pet-delayed,4002,0,0
1588453278109,4,HTTP Request,200,,Thread Group 1-10,text,true,,611,279,10,10,http://localhost:8080/pets-cached,4,0,0
1588453278113,6,HTTP Request,200,,Thread Group 1-2,text,true,,611,272,10,10,http://localhost:8080/pets,6,0,1
1588453275118,3002,HTTP Request,200,,Thread Group 1-4,text,true,,231,279,10,10,http://localhost:8080/pet-delayed,3002,0,0
1588453278119,4,HTTP Request,200,,Thread Group 1-2,text,true,,611,279,10,10,http://localhost:8080/pets-cached,4,0,0
1588453278119,5,HTTP Request,200,,Thread Group 1-4,text,true,,611,272,10,10,http://localhost:8080/pets,5,0,1
1588453278124,3,HTTP Request,200,,Thread Group 1-4,text,true,,611,279,10,10,http://localhost:8080/pets-cached,3,0,0
1588453275103,5002,HTTP Request,200,,Thread Group 1-3,text,true,,231,279,10,10,http://localhost:8080/pet-delayed,5002,0,0
1588453278105,2002,HTTP Request,200,,Thread Group 1-5,text,true,,231,279,10,10,http://localhost:8080/pet-delayed,2002,0,0
1588453280104,3,HTTP Request,200,,Thread Group 1-3,text,true,,611,272,10,10,http://localhost:8080/pets,3,0,1
1588453280107,2,HTTP Request,200,,Thread Group 1-3,text,true,,611,279,10,10,http://localhost:8080/pets-cached,2,0,0
1588453280107,2,HTTP Request,200,,Thread Group 1-5,text,true,,611,272,10,10,http://localhost:8080/pets,2,0,0
1588453280110,1,HTTP Request,200,,Thread Group 1-5,text,true,,611,279,10,10,http://localhost:8080/pets-cached,1,0,0
1588453271100,10002,HTTP Request,200,,Thread Group 1-7,text,true,,231,279,10,10,http://localhost:8080/pet-delayed,10002,0,0
1588453281101,2,HTTP Request,200,,Thread Group 1-7,text,true,,611,272,10,10,http://localhost:8080/pets,2,0,0
1588453281103,2,HTTP Request,200,,Thread Group 1-7,text,true,,611,279,10,10,http://localhost:8080/pets-cached,2,0,0
1588453278123,3002,HTTP Request,200,,Thread Group 1-2,text,true,,231,279,10,10,http://localhost:8080/pet-delayed,3002,0,0
1588453281125,2,HTTP Request,200,,Thread Group 1-2,text,true,,611,272,10,10,http://localhost:8080/pets,2,0,0
1588453281127,1,HTTP Request,200,,Thread Group 1-2,text,true,,611,279,10,10,http://localhost:8080/pets-cached,1,0,0
1588453273102,9002,HTTP Request,200,,Thread Group 1-9,text,true,,231,279,10,10,http://localhost:8080/pet-delayed,9002,0,0
1588453282103,5,HTTP Request,200,,Thread Group 1-9,text,true,,611,272,10,10,http://localhost:8080/pets,5,0,1
1588453282108,3,HTTP Request,200,,Thread Group 1-9,text,true,,611,279,10,10,http://localhost:8080/pets-cached,3,0,0
1588453273132,9001,HTTP Request,200,,Thread Group 1-1,text,true,,231,279,10,10,http://localhost:8080/pet-delayed,9001,0,0
1588453282132,5,HTTP Request,200,,Thread Group 1-1,text,true,,611,272,10,10,http://localhost:8080/pets,5,0,1
1588453282137,3,HTTP Request,200,,Thread Group 1-1,text,true,,611,279,10,10,http://localhost:8080/pets-cached,3,0,0
1588453278113,7005,HTTP Request,200,,Thread Group 1-10,text,true,,231,279,10,10,http://localhost:8080/pet-delayed,7005,0,0
1588453285118,6,HTTP Request,200,,Thread Group 1-10,text,true,,611,272,10,10,http://localhost:8080/pets,5,0,1
1588453285124,3,HTTP Request,200,,Thread Group 1-10,text,true,,611,279,10,10,http://localhost:8080/pets-cached,3,0,0
1588453281128,4001,HTTP Request,200,,Thread Group 1-2,text,true,,231,279,10,10,http://localhost:8080/pet-delayed,4001,0,0
1588453285129,4,HTTP Request,200,,Thread Group 1-2,text,true,,611,272,10,10,http://localhost:8080/pets,4,0,1
1588453285134,3,HTTP Request,200,,Thread Group 1-2,text,true,,611,279,10,10,http://localhost:8080/pets-cached,2,0,0
1588453278099,8002,HTTP Request,200,,Thread Group 1-8,text,true,,231,279,10,10,http://localhost:8080/pet-delayed,8002,0,0
1588453286102,5,HTTP Request,200,,Thread Group 1-8,text,true,,611,272,10,10,http://localhost:8080/pets,4,0,0
1588453286107,3,HTTP Request,200,,Thread Group 1-8,text,true,,611,279,10,10,http://localhost:8080/pets-cached,3,0,0
1588453278128,8002,HTTP Request,200,,Thread Group 1-4,text,true,,231,279,10,10,http://localhost:8080/pet-delayed,8002,0,0
1588453286130,5,HTTP Request,200,,Thread Group 1-4,text,true,,611,272,10,10,http://localhost:8080/pets,4,0,1
1588453286135,3,HTTP Request,200,,Thread Group 1-4,text,true,,611,279,10,10,http://localhost:8080/pets-cached,3,0,0
1588453277108,10002,HTTP Request,200,,Thread Group 1-6,text,true,,231,279,10,10,http://localhost:8080/pet-delayed,10002,0,0
1588453287109,2,HTTP Request,200,,Thread Group 1-6,text,true,,611,272,10,10,http://localhost:8080/pets,2,0,1
1588453287111,2,HTTP Request,200,,Thread Group 1-6,text,true,,611,279,10,10,http://localhost:8080/pets-cached,2,0,0
1588453285127,3003,HTTP Request,200,,Thread Group 1-10,text,true,,231,279,10,10,http://localhost:8080/pet-delayed,3002,0,0
1588453288130,4,HTTP Request,200,,Thread Group 1-10,text,true,,611,272,10,10,http://localhost:8080/pets,4,0,0
1588453288134,4,HTTP Request,200,,Thread Group 1-10,text,true,,611,279,10,10,http://localhost:8080/pets-cached,4,0,0
1588453285137,3001,HTTP Request,200,,Thread Group 1-2,text,true,,231,279,10,10,http://localhost:8080/pet-delayed,3001,0,0
1588453288139,4,HTTP Request,200,,Thread Group 1-2,text,true,,611,272,10,10,http://localhost:8080/pets,3,0,0
1588453288143,3,HTTP Request,200,,Thread Group 1-2,text,true,,611,279,10,10,http://localhost:8080/pets-cached,2,0,0
1588453280109,9002,HTTP Request,200,,Thread Group 1-3,text,true,,231,279,10,10,http://localhost:8080/pet-delayed,9002,0,0
1588453280112,9001,HTTP Request,200,,Thread Group 1-5,text,true,,231,279,10,10,http://localhost:8080/pet-delayed,9001,0,0
1588453289111,2,HTTP Request,200,,Thread Group 1-3,text,true,,611,272,10,10,http://localhost:8080/pets,2,0,0
1588453289113,2,HTTP Request,200,,Thread Group 1-3,text,true,,611,279,10,10,http://localhost:8080/pets-cached,2,0,0
1588453289113,2,HTTP Request,200,,Thread Group 1-5,text,true,,611,272,10,10,http://localhost:8080/pets,2,0,0
1588453289115,1,HTTP Request,200,,Thread Group 1-5,text,true,,611,279,10,10,http://localhost:8080/pets-cached,1,0,0
1588453281105,9001,HTTP Request,200,,Thread Group 1-7,text,true,,231,279,10,10,http://localhost:8080/pet-delayed,9001,0,0
1588453290106,6,HTTP Request,200,,Thread Group 1-7,text,true,,611,272,10,10,http://localhost:8080/pets,5,0,1
1588453282112,8001,HTTP Request,200,,Thread Group 1-9,text,true,,231,279,10,10,http://localhost:8080/pet-delayed,8001,0,0
1588453290112,3,HTTP Request,200,,Thread Group 1-7,text,true,,611,279,10,10,http://localhost:8080/pets-cached,3,0,0
1588453289115,1002,HTTP Request,200,,Thread Group 1-3,text,true,,231,279,10,10,http://localhost:8080/pet-delayed,1001,0,0
1588453289116,1002,HTTP Request,200,,Thread Group 1-5,text,true,,231,279,10,10,http://localhost:8080/pet-delayed,1002,0,0
1588453290114,5,HTTP Request,200,,Thread Group 1-9,text,true,,611,272,10,10,http://localhost:8080/pets,4,0,0
1588453290118,5,HTTP Request,200,,Thread Group 1-5,text,true,,611,272,10,10,http://localhost:8080/pets,4,0,0
1588453290117,6,HTTP Request,200,,Thread Group 1-3,text,true,,611,272,10,10,http://localhost:8080/pets,6,0,0
1588453290119,5,HTTP Request,200,,Thread Group 1-9,text,true,,611,279,10,10,http://localhost:8080/pets-cached,5,0,0
1588453290123,4,HTTP Request,200,,Thread Group 1-5,text,true,,611,279,10,10,http://localhost:8080/pets-cached,3,0,0
1588453290123,4,HTTP Request,200,,Thread Group 1-3,text,true,,611,279,10,10,http://localhost:8080/pets-cached,4,0,0
1588453287113,4002,HTTP Request,200,,Thread Group 1-6,text,true,,231,279,10,10,http://localhost:8080/pet-delayed,4001,0,0
1588453291115,5,HTTP Request,200,,Thread Group 1-6,text,true,,611,272,10,10,http://localhost:8080/pets,5,0,0
1588453291120,4,HTTP Request,200,,Thread Group 1-6,text,true,,611,279,10,10,http://localhost:8080/pets-cached,3,0,0
1588453282140,9002,HTTP Request,200,,Thread Group 1-1,text,true,,231,279,10,10,http://localhost:8080/pet-delayed,9002,0,0
1588453291142,5,HTTP Request,200,,Thread Group 1-1,text,true,,611,272,10,10,http://localhost:8080/pets,5,0,1
1588453288146,3002,HTTP Request,200,,Thread Group 1-2,text,true,,231,279,10,10,http://localhost:8080/pet-delayed,3001,0,0
1588453291147,3,HTTP Request,200,,Thread Group 1-1,text,true,,611,279,10,10,http://localhost:8080/pets-cached,3,0,0
1588453291148,5,HTTP Request,200,,Thread Group 1-2,text,true,,611,272,10,10,http://localhost:8080/pets,5,0,0
1588453290124,2002,HTTP Request,200,,Thread Group 1-9,text,true,,231,279,9,9,http://localhost:8080/pet-delayed,2002,0,0
1588453292127,5,HTTP Request,200,,Thread Group 1-9,text,true,,611,272,9,9,http://localhost:8080/pets,5,0,0
1588453292132,3,HTTP Request,200,,Thread Group 1-9,text,true,,611,279,9,9,http://localhost:8080/pets-cached,3,0,0
1588453290115,4002,HTTP Request,200,,Thread Group 1-7,text,true,,231,279,9,9,http://localhost:8080/pet-delayed,4002,0,0
1588453294118,3,HTTP Request,200,,Thread Group 1-7,text,true,,611,272,9,9,http://localhost:8080/pets,3,0,0
1588453294121,1,HTTP Request,200,,Thread Group 1-7,text,true,,611,279,9,9,http://localhost:8080/pets-cached,1,0,0
1588453292135,2002,HTTP Request,200,,Thread Group 1-9,text,true,,231,279,9,9,http://localhost:8080/pet-delayed,2002,0,0
1588453294138,2,HTTP Request,200,,Thread Group 1-9,text,true,,611,272,9,9,http://localhost:8080/pets,2,0,0
1588453294140,1,HTTP Request,200,,Thread Group 1-9,text,true,,611,279,9,9,http://localhost:8080/pets-cached,1,0,0
1588453286111,9001,HTTP Request,200,,Thread Group 1-8,text,true,,231,279,9,9,http://localhost:8080/pet-delayed,9001,0,0
1588453295113,3,HTTP Request,200,,Thread Group 1-8,text,true,,611,272,9,9,http://localhost:8080/pets,3,0,1
1588453295116,2,HTTP Request,200,,Thread Group 1-8,text,true,,611,279,9,9,http://localhost:8080/pets-cached,2,0,0
1588453291124,4002,HTTP Request,200,,Thread Group 1-6,text,true,,231,279,9,9,http://localhost:8080/pet-delayed,4002,0,0
1588453295127,5,HTTP Request,200,,Thread Group 1-6,text,true,,611,272,9,9,http://localhost:8080/pets,5,0,1
1588453295133,3,HTTP Request,200,,Thread Group 1-6,text,true,,611,279,9,9,http://localhost:8080/pets-cached,3,0,0
1588453286138,9002,HTTP Request,200,,Thread Group 1-4,text,true,,231,279,9,9,http://localhost:8080/pet-delayed,9002,0,0
1588453295142,4,HTTP Request,200,,Thread Group 1-4,text,true,,611,272,9,9,http://localhost:8080/pets,3,0,0
1588453295146,3,HTTP Request,200,,Thread Group 1-4,text,true,,611,279,9,9,http://localhost:8080/pets-cached,2,0,0
1588453295136,1002,HTTP Request,200,,Thread Group 1-6,text,true,,231,279,9,9,http://localhost:8080/pet-delayed,1002,0,0
1588453296138,2,HTTP Request,200,,Thread Group 1-6,text,true,,611,272,9,9,http://localhost:8080/pets,1,0,0
1588453296140,1,HTTP Request,200,,Thread Group 1-6,text,true,,611,279,9,9,http://localhost:8080/pets-cached,1,0,0
1588453294141,2001,HTTP Request,200,,Thread Group 1-9,text,true,,231,279,9,9,http://localhost:8080/pet-delayed,2001,0,0
1588453296142,2,HTTP Request,200,,Thread Group 1-9,text,true,,611,272,9,9,http://localhost:8080/pets,2,0,1
1588453290127,7002,HTTP Request,200,,Thread Group 1-5,text,true,,231,279,8,8,http://localhost:8080/pet-delayed,7002,0,0
1588453290127,7002,HTTP Request,200,,Thread Group 1-3,text,true,,231,279,8,8,http://localhost:8080/pet-delayed,7002,0,0
1588453297131,5,HTTP Request,200,,Thread Group 1-5,text,true,,611,272,8,8,http://localhost:8080/pets,5,0,0
1588453297131,5,HTTP Request,200,,Thread Group 1-3,text,true,,611,272,8,8,http://localhost:8080/pets,5,0,0
1588453297136,3,HTTP Request,200,,Thread Group 1-3,text,true,,611,279,8,8,http://localhost:8080/pets-cached,3,0,0
1588453297136,4,HTTP Request,200,,Thread Group 1-5,text,true,,611,279,8,8,http://localhost:8080/pets-cached,3,0,0
1588453294122,4002,HTTP Request,200,,Thread Group 1-7,text,true,,231,279,8,8,http://localhost:8080/pet-delayed,4002,0,0
1588453298124,6,HTTP Request,200,,Thread Group 1-7,text,true,,611,272,8,8,http://localhost:8080/pets,5,0,1
1588453298130,3,HTTP Request,200,,Thread Group 1-7,text,true,,611,279,8,8,http://localhost:8080/pets-cached,3,0,0
1588453288138,10003,HTTP Request,200,,Thread Group 1-10,text,true,,231,279,8,8,http://localhost:8080/pet-delayed,10002,0,0
1588453298142,5,HTTP Request,200,,Thread Group 1-10,text,true,,611,272,8,8,http://localhost:8080/pets,5,0,1
1588453298147,4,HTTP Request,200,,Thread Group 1-10,text,true,,611,279,8,8,http://localhost:8080/pets-cached,4,0,0
1588453291151,7004,HTTP Request,200,,Thread Group 1-1,text,true,,231,279,8,8,http://localhost:8080/pet-delayed,7004,0,0
1588453298156,5,HTTP Request,200,,Thread Group 1-1,text,true,,611,272,8,8,http://localhost:8080/pets,4,0,1
1588453298133,1002,HTTP Request,200,,Thread Group 1-7,text,true,,231,279,7,7,http://localhost:8080/pet-delayed,1002,0,0
1588453299135,2,HTTP Request,200,,Thread Group 1-7,text,true,,611,272,7,7,http://localhost:8080/pets,1,0,0
1588453299137,1,HTTP Request,200,,Thread Group 1-7,text,true,,611,279,7,7,http://localhost:8080/pets-cached,1,0,0
1588453298151,2003,HTTP Request,200,,Thread Group 1-10,text,true,,231,279,7,7,http://localhost:8080/pet-delayed,2002,0,0
1588453300154,5,HTTP Request,200,,Thread Group 1-10,text,true,,611,272,7,7,http://localhost:8080/pets,5,0,0
1588453300159,4,HTTP Request,200,,Thread Group 1-10,text,true,,611,279,7,7,http://localhost:8080/pets-cached,4,0,0
1588453300163,1002,HTTP Request,200,,Thread Group 1-10,text,true,,231,279,7,7,http://localhost:8080/pet-delayed,1002,0,0
1588453301166,4,HTTP Request,200,,Thread Group 1-10,text,true,,611,272,7,7,http://localhost:8080/pets,4,0,0
1588453297140,6002,HTTP Request,200,,Thread Group 1-3,text,true,,231,279,6,6,http://localhost:8080/pet-delayed,6002,0,0
1588453303142,6,HTTP Request,200,,Thread Group 1-3,text,true,,611,272,6,6,http://localhost:8080/pets,5,0,1
1588453303148,4,HTTP Request,200,,Thread Group 1-3,text,true,,611,279,6,6,http://localhost:8080/pets-cached,3,0,0
1588453295118,9001,HTTP Request,200,,Thread Group 1-8,text,true,,231,279,6,6,http://localhost:8080/pet-delayed,9001,0,0
1588453304119,4,HTTP Request,200,,Thread Group 1-8,text,true,,611,272,6,6,http://localhost:8080/pets,3,0,1
1588453304123,2,HTTP Request,200,,Thread Group 1-8,text,true,,611,279,6,6,http://localhost:8080/pets-cached,2,0,0
1588453295149,9003,HTTP Request,200,,Thread Group 1-4,text,true,,231,279,6,6,http://localhost:8080/pet-delayed,9002,0,0
1588453304152,5,HTTP Request,200,,Thread Group 1-4,text,true,,611,272,6,6,http://localhost:8080/pets,4,0,0
1588453304157,3,HTTP Request,200,,Thread Group 1-4,text,true,,611,279,6,6,http://localhost:8080/pets-cached,3,0,0
1588453299138,6002,HTTP Request,200,,Thread Group 1-7,text,true,,231,279,6,6,http://localhost:8080/pet-delayed,6002,0,0
1588453297140,8002,HTTP Request,200,,Thread Group 1-5,text,true,,231,279,6,6,http://localhost:8080/pet-delayed,8001,0,0
1588453305141,5,HTTP Request,200,,Thread Group 1-7,text,true,,611,272,6,6,http://localhost:8080/pets,5,0,0
1588453305142,5,HTTP Request,200,,Thread Group 1-5,text,true,,611,272,6,6,http://localhost:8080/pets,5,0,0
1588453305146,4,HTTP Request,200,,Thread Group 1-7,text,true,,611,279,6,6,http://localhost:8080/pets-cached,3,0,0
1588453305147,3,HTTP Request,200,,Thread Group 1-5,text,true,,611,279,6,6,http://localhost:8080/pets-cached,3,0,0
1588453296141,10003,HTTP Request,200,,Thread Group 1-6,text,true,,231,279,6,6,http://localhost:8080/pet-delayed,10002,0,0
1588453306144,5,HTTP Request,200,,Thread Group 1-6,text,true,,611,272,6,6,http://localhost:8080/pets,4,0,0
1588453306149,3,HTTP Request,200,,Thread Group 1-6,text,true,,611,279,6,6,http://localhost:8080/pets-cached,3,0,0
1588453304125,3002,HTTP Request,200,,Thread Group 1-8,text,true,,231,279,6,6,http://localhost:8080/pet-delayed,3001,0,0
1588453307127,5,HTTP Request,200,,Thread Group 1-8,text,true,,611,272,6,6,http://localhost:8080/pets,5,0,0
1588453307132,3,HTTP Request,200,,Thread Group 1-8,text,true,,611,279,6,6,http://localhost:8080/pets-cached,3,0,0
1588453305150,2002,HTTP Request,200,,Thread Group 1-5,text,true,,231,279,6,6,http://localhost:8080/pet-delayed,2002,0,0
1588453306152,1002,HTTP Request,200,,Thread Group 1-6,text,true,,231,279,6,6,http://localhost:8080/pet-delayed,1002,0,0
1588453307153,5,HTTP Request,200,,Thread Group 1-5,text,true,,611,272,6,6,http://localhost:8080/pets,5,0,0
1588453307155,3,HTTP Request,200,,Thread Group 1-6,text,true,,611,272,6,6,http://localhost:8080/pets,3,0,0
1588453303152,5002,HTTP Request,200,,Thread Group 1-3,text,true,,231,279,4,4,http://localhost:8080/pet-delayed,5002,0,0
1588453308153,6,HTTP Request,200,,Thread Group 1-3,text,true,,611,272,4,4,http://localhost:8080/pets,6,0,1
1588453305150,5002,HTTP Request,200,,Thread Group 1-7,text,true,,231,279,3,3,http://localhost:8080/pet-delayed,5002,0,0
1588453310152,5,HTTP Request,200,,Thread Group 1-7,text,true,,611,272,3,3,http://localhost:8080/pets,5,0,0
1588453304160,6002,HTTP Request,200,,Thread Group 1-4,text,true,,231,279,2,2,http://localhost:8080/pet-delayed,6002,0,0
1588453310162,4,HTTP Request,200,,Thread Group 1-4,text,true,,611,272,2,2,http://localhost:8080/pets,4,0,0
1588453307136,8002,HTTP Request,200,,Thread Group 1-8,text,true,,231,279,1,1,http://localhost:8080/pet-delayed,8002,0,0
1588453315137,6,HTTP Request,200,,Thread Group 1-8,text,true,,611,272,1,1,http://localhost:8080/pets,6,0,1
1588453315143,3,HTTP Request,200,,Thread Group 1-8,text,true,,611,279,1,1,http://localhost:8080/pets-cached,3,0,0
1588453315147,2002,HTTP Request,200,,Thread Group 1-8,text,true,,231,279,1,1,http://localhost:8080/pet-delayed,2002,0,0
1588453317149,5,HTTP Request,200,,Thread Group 1-8,text,true,,611,272,1,1,http://localhost:8080/pets,5,0,1
1588453317155,3,HTTP Request,200,,Thread Group 1-8,text,true,,611,279,1,1,http://localhost:8080/pets-cached,3,0,0
1588453317158,3002,HTTP Request,200,,Thread Group 1-8,text,true,,231,279,1,1,http://localhost:8080/pet-delayed,3002,0,0
1588453320160,5,HTTP Request,200,,Thread Group 1-8,text,true,,611,272,1,1,http://localhost:8080/pets,5,0,1
